"Epic","Feature","Story","FAILED","BROKEN","PASSED","SKIPPED","UNKNOWN"
"","Authors API","Get Author by ID","1","0","0","0","0"
"","Books API","Book Creation","0","0","1","0","0"
"","Books API","Update Book","0","0","1","0","0"
"","Books API","Get All Books","0","0","1","0","0"
"","Authors API","Delete Author","0","1","0","0","0"
"","Authors API","Get Authors by Book ID","1","0","0","0","0"
"","Authors API","Get All Authors","0","0","1","0","0"
"","Authors API","Create Author","0","0","1","0","0"
"","Books API","Delete Book","0","1","0","0","0"
"","Authors API","Update Author","0","1","0","0","0"
"","Books API","Get Book by ID","1","0","0","0","0"
